country;variable;percentile;year;value
FR;lpfghgi999;p0p50;1980;9.8866396
FR;lpfghgi999;p0p50;1981;8.908
FR;lpfghgi999;p0p50;1982;8.4913597
FR;lpfghgi999;p0p50;1983;8.1178999
FR;lpfghgi999;p0p50;1984;7.8027
FR;lpfghgi999;p0p50;1985;7.8424397
FR;lpfghgi999;p0p50;1986;7.65728
FR;lpfghgi999;p0p50;1987;7.7775197
FR;lpfghgi999;p0p50;1988;7.6526999
FR;lpfghgi999;p0p50;1989;7.7954798
FR;lpfghgi999;p0p50;1990;7.5120797
FR;lpfghgi999;p0p50;1991;7.6817398
FR;lpfghgi999;p0p50;1992;8.2569599
FR;lpfghgi999;p0p50;1993;7.5592198
FR;lpfghgi999;p0p50;1994;7.3263798
FR;lpfghgi999;p0p50;1995;7.5650201
FR;lpfghgi999;p0p50;1996;7.4767599
FR;lpfghgi999;p0p50;1997;7.2823396
FR;lpfghgi999;p0p50;1998;7.4703598
FR;lpfghgi999;p0p50;1999;7.4527197
FR;lpfghgi999;p0p50;2000;7.4595199
FR;lpfghgi999;p0p50;2001;7.3783798
FR;lpfghgi999;p0p50;2002;7.3364
FR;lpfghgi999;p0p50;2003;7.3678598
FR;lpfghgi999;p0p50;2004;7.5553198
FR;lpfghgi999;p0p50;2005;7.4909797
FR;lpfghgi999;p0p50;2006;7.2893996
FR;lpfghgi999;p0p50;2007;7.3621197
FR;lpfghgi999;p0p50;2008;7.2263999
FR;lpfghgi999;p0p50;2009;6.8944597
FR;lpfghgi999;p0p50;2010;6.7869
FR;lpfghgi999;p0p50;2011;6.8617601
FR;lpfghgi999;p0p50;2012;6.2633801
FR;lpfghgi999;p0p50;2013;6.14502
FR;lpfghgi999;p0p50;2014;5.8484197
FR;lpfghgi999;p0p50;2015;5.7702799
FR;lpfghgi999;p0p50;2016;5.7151999
FR;lpfghgi999;p0p50;2017;5.8562598
FR;lpfghgi999;p0p50;2018;5.7627797
FR;lpfghgi999;p0p50;2019;5.6012998
FR;lpfghgi999;p50p90;1980;16.952576
FR;lpfghgi999;p50p90;1981;15.227151
FR;lpfghgi999;p50p90;1982;14.498276
FR;lpfghgi999;p50p90;1983;13.841475
FR;lpfghgi999;p50p90;1984;13.427
FR;lpfghgi999;p50p90;1985;13.359751
FR;lpfghgi999;p50p90;1986;13.020201
FR;lpfghgi999;p50p90;1987;13.20195
FR;lpfghgi999;p50p90;1988;13.008125
FR;lpfghgi999;p50p90;1989;13.327576
FR;lpfghgi999;p50p90;1990;12.97795
FR;lpfghgi999;p50p90;1991;13.145526
FR;lpfghgi999;p50p90;1992;14.311701
FR;lpfghgi999;p50p90;1993;13.267076
FR;lpfghgi999;p50p90;1994;13.002726
FR;lpfghgi999;p50p90;1995;12.910251
FR;lpfghgi999;p50p90;1996;12.835
FR;lpfghgi999;p50p90;1997;12.17625
FR;lpfghgi999;p50p90;1998;12.642
FR;lpfghgi999;p50p90;1999;12.467925
FR;lpfghgi999;p50p90;2000;12.44375
FR;lpfghgi999;p50p90;2001;12.2293
FR;lpfghgi999;p50p90;2002;12.100625
FR;lpfghgi999;p50p90;2003;12.070101
FR;lpfghgi999;p50p90;2004;12.387925
FR;lpfghgi999;p50p90;2005;12.210151
FR;lpfghgi999;p50p90;2006;11.852276
FR;lpfghgi999;p50p90;2007;11.961375
FR;lpfghgi999;p50p90;2008;11.689626
FR;lpfghgi999;p50p90;2009;11.0529
FR;lpfghgi999;p50p90;2010;10.927876
FR;lpfghgi999;p50p90;2011;11.026925
FR;lpfghgi999;p50p90;2012;10.0704
FR;lpfghgi999;p50p90;2013;9.8790751
FR;lpfghgi999;p50p90;2014;9.4721508
FR;lpfghgi999;p50p90;2015;9.5138254
FR;lpfghgi999;p50p90;2016;9.4032001
FR;lpfghgi999;p50p90;2017;9.6119499
FR;lpfghgi999;p50p90;2018;9.4939251
FR;lpfghgi999;p50p90;2019;9.224225
FR;lpfghgi999;p90p100;1980;31.32649
FR;lpfghgi999;p90p100;1981;27.874657
FR;lpfghgi999;p90p100;1982;26.123951
FR;lpfghgi999;p90p100;1983;24.775431
FR;lpfghgi999;p90p100;1984;24.080929
FR;lpfghgi999;p90p100;1985;24.424873
FR;lpfghgi999;p90p100;1986;24.69335
FR;lpfghgi999;p90p100;1987;25.696123
FR;lpfghgi999;p90p100;1988;25.795702
FR;lpfghgi999;p90p100;1989;27.105188
FR;lpfghgi999;p90p100;1990;26.10207
FR;lpfghgi999;p90p100;1991;26.041231
FR;lpfghgi999;p90p100;1992;27.673637
FR;lpfghgi999;p90p100;1993;25.507542
FR;lpfghgi999;p90p100;1994;25.535877
FR;lpfghgi999;p90p100;1995;28.227713
FR;lpfghgi999;p90p100;1996;29.523766
FR;lpfghgi999;p90p100;1997;27.830418
FR;lpfghgi999;p90p100;1998;29.709234
FR;lpfghgi999;p90p100;1999;29.305941
FR;lpfghgi999;p90p100;2000;30.008112
FR;lpfghgi999;p90p100;2001;29.173174
FR;lpfghgi999;p90p100;2002;28.730751
FR;lpfghgi999;p90p100;2003;28.920593
FR;lpfghgi999;p90p100;2004;29.930416
FR;lpfghgi999;p90p100;2005;29.608303
FR;lpfghgi999;p90p100;2006;29.098597
FR;lpfghgi999;p90p100;2007;30.306269
FR;lpfghgi999;p90p100;2008;29.528795
FR;lpfghgi999;p90p100;2009;26.767912
FR;lpfghgi999;p90p100;2010;26.977085
FR;lpfghgi999;p90p100;2011;27.93092
FR;lpfghgi999;p90p100;2012;25.311775
FR;lpfghgi999;p90p100;2013;24.817596
FR;lpfghgi999;p90p100;2014;23.740398
FR;lpfghgi999;p90p100;2015;22.481495
FR;lpfghgi999;p90p100;2016;22.06613
FR;lpfghgi999;p90p100;2017;22.552517
FR;lpfghgi999;p90p100;2018;22.19314
FR;lpfghgi999;p90p100;2019;21.732176
FR;lpfghgi999;p99p100;1980;73.938911
FR;lpfghgi999;p99p100;1981;64.748573
FR;lpfghgi999;p99p100;1982;58.085503
FR;lpfghgi999;p99p100;1983;53.883316
FR;lpfghgi999;p99p100;1984;52.159294
FR;lpfghgi999;p99p100;1985;54.738747
FR;lpfghgi999;p99p100;1986;58.594505
FR;lpfghgi999;p99p100;1987;64.008232
FR;lpfghgi999;p99p100;1988;65.150032
FR;lpfghgi999;p99p100;1989;71.722893
FR;lpfghgi999;p99p100;1990;67.4207
FR;lpfghgi999;p99p100;1991;68.49231
FR;lpfghgi999;p99p100;1992;69.57338
FR;lpfghgi999;p99p100;1993;63.991413
FR;lpfghgi999;p99p100;1994;66.729767
FR;lpfghgi999;p99p100;1995;76.19313
FR;lpfghgi999;p99p100;1996;86.685669
FR;lpfghgi999;p99p100;1997;84.403183
FR;lpfghgi999;p99p100;1998;93.648354
FR;lpfghgi999;p99p100;1999;94.329414
FR;lpfghgi999;p99p100;2000;96.04612
FR;lpfghgi999;p99p100;2001;95.598732
FR;lpfghgi999;p99p100;2002;92.623512
FR;lpfghgi999;p99p100;2003;95.964935
FR;lpfghgi999;p99p100;2004;101.33816
FR;lpfghgi999;p99p100;2005;97.931038
FR;lpfghgi999;p99p100;2006;96.061966
FR;lpfghgi999;p99p100;2007;102.67468
FR;lpfghgi999;p99p100;2008;98.422958
FR;lpfghgi999;p99p100;2009;84.197128
FR;lpfghgi999;p99p100;2010;87.725861
FR;lpfghgi999;p99p100;2011;95.772202
FR;lpfghgi999;p99p100;2012;83.969749
FR;lpfghgi999;p99p100;2013;82.390976
FR;lpfghgi999;p99p100;2014;79.123985
FR;lpfghgi999;p99p100;2015;66.935959
FR;lpfghgi999;p99p100;2016;64.878296
FR;lpfghgi999;p99p100;2017;67.719162
FR;lpfghgi999;p99p100;2018;65.61541
FR;lpfghgi999;p99p100;2019;65.086761
FR;sdiincj992;p0p50;1980;0.2837
FR;sdiincj992;p0p50;1981;0.2884
FR;sdiincj992;p0p50;1982;0.2913
FR;sdiincj992;p0p50;1983;0.2926
FR;sdiincj992;p0p50;1984;0.2931
FR;sdiincj992;p0p50;1985;0.2935
FR;sdiincj992;p0p50;1986;0.2925
FR;sdiincj992;p0p50;1987;0.2921
FR;sdiincj992;p0p50;1988;0.2912
FR;sdiincj992;p0p50;1989;0.2878
FR;sdiincj992;p0p50;1990;0.2879
FR;sdiincj992;p0p50;1991;0.2955
FR;sdiincj992;p0p50;1992;0.2953
FR;sdiincj992;p0p50;1993;0.2989
FR;sdiincj992;p0p50;1994;0.2993
FR;sdiincj992;p0p50;1995;0.3011
FR;sdiincj992;p0p50;1996;0.3
FR;sdiincj992;p0p50;1997;0.2977
FR;sdiincj992;p0p50;1998;0.3075
FR;sdiincj992;p0p50;1999;0.3088
FR;sdiincj992;p0p50;2000;0.3068
FR;sdiincj992;p0p50;2001;0.3079
FR;sdiincj992;p0p50;2002;0.3052
FR;sdiincj992;p0p50;2003;0.3036
FR;sdiincj992;p0p50;2004;0.3008
FR;sdiincj992;p0p50;2005;0.2998
FR;sdiincj992;p0p50;2006;0.3038
FR;sdiincj992;p0p50;2007;0.2999
FR;sdiincj992;p0p50;2008;0.3007
FR;sdiincj992;p0p50;2009;0.3053
FR;sdiincj992;p0p50;2010;0.3071
FR;sdiincj992;p0p50;2011;0.3086
FR;sdiincj992;p0p50;2012;0.3163
FR;sdiincj992;p0p50;2013;0.3192
FR;sdiincj992;p0p50;2014;0.3217
FR;sdiincj992;p0p50;2015;0.3173
FR;sdiincj992;p0p50;2016;0.3209
FR;sdiincj992;p0p50;2017;0.3207
FR;sdiincj992;p0p50;2018;0.3189
FR;sdiincj992;p0p50;2019;0.3213
FR;sdiincj992;p0p50;2020;0.3279
FR;sdiincj992;p0p50;2021;0.3218
FR;sdiincj992;p0p50;2022;0.3196
FR;sdiincj992;p0p50;2023;0.316
FR;sdiincj992;p0p50;2024;0.3154
FR;sdiincj992;p50p90;1980;0.4667
FR;sdiincj992;p50p90;1981;0.4667
FR;sdiincj992;p50p90;1982;0.4672
FR;sdiincj992;p50p90;1983;0.4659
FR;sdiincj992;p50p90;1984;0.4656
FR;sdiincj992;p50p90;1985;0.4611
FR;sdiincj992;p50p90;1986;0.4566
FR;sdiincj992;p50p90;1987;0.4535
FR;sdiincj992;p50p90;1988;0.4501
FR;sdiincj992;p50p90;1989;0.4475
FR;sdiincj992;p50p90;1990;0.4482
FR;sdiincj992;p50p90;1991;0.448
FR;sdiincj992;p50p90;1992;0.4531
FR;sdiincj992;p50p90;1993;0.4516
FR;sdiincj992;p50p90;1994;0.4486
FR;sdiincj992;p50p90;1995;0.4471
FR;sdiincj992;p50p90;1996;0.4432
FR;sdiincj992;p50p90;1997;0.4443
FR;sdiincj992;p50p90;1998;0.4375
FR;sdiincj992;p50p90;1999;0.4392
FR;sdiincj992;p50p90;2000;0.4368
FR;sdiincj992;p50p90;2001;0.4357
FR;sdiincj992;p50p90;2002;0.4375
FR;sdiincj992;p50p90;2003;0.4386
FR;sdiincj992;p50p90;2004;0.4398
FR;sdiincj992;p50p90;2005;0.4428
FR;sdiincj992;p50p90;2006;0.445
FR;sdiincj992;p50p90;2007;0.4426
FR;sdiincj992;p50p90;2008;0.4394
FR;sdiincj992;p50p90;2009;0.4477
FR;sdiincj992;p50p90;2010;0.4456
FR;sdiincj992;p50p90;2011;0.4456
FR;sdiincj992;p50p90;2012;0.4506
FR;sdiincj992;p50p90;2013;0.4555
FR;sdiincj992;p50p90;2014;0.451
FR;sdiincj992;p50p90;2015;0.4461
FR;sdiincj992;p50p90;2016;0.4433
FR;sdiincj992;p50p90;2017;0.4431
FR;sdiincj992;p50p90;2018;0.4427
FR;sdiincj992;p50p90;2019;0.4434
FR;sdiincj992;p50p90;2020;0.4431
FR;sdiincj992;p50p90;2021;0.4401
FR;sdiincj992;p50p90;2022;0.4445
FR;sdiincj992;p50p90;2023;0.448
FR;sdiincj992;p50p90;2024;0.4467
FR;sdiincj992;p90p100;1980;0.2495
FR;sdiincj992;p90p100;1981;0.2449
FR;sdiincj992;p90p100;1982;0.2414
FR;sdiincj992;p90p100;1983;0.2415
FR;sdiincj992;p90p100;1984;0.2414
FR;sdiincj992;p90p100;1985;0.2454
FR;sdiincj992;p90p100;1986;0.2509
FR;sdiincj992;p90p100;1987;0.2545
FR;sdiincj992;p90p100;1988;0.2587
FR;sdiincj992;p90p100;1989;0.2647
FR;sdiincj992;p90p100;1990;0.2639
FR;sdiincj992;p90p100;1991;0.2565
FR;sdiincj992;p90p100;1992;0.2515
FR;sdiincj992;p90p100;1993;0.2494
FR;sdiincj992;p90p100;1994;0.2521
FR;sdiincj992;p90p100;1995;0.2518
FR;sdiincj992;p90p100;1996;0.2568
FR;sdiincj992;p90p100;1997;0.258
FR;sdiincj992;p90p100;1998;0.255
FR;sdiincj992;p90p100;1999;0.252
FR;sdiincj992;p90p100;2000;0.2564
FR;sdiincj992;p90p100;2001;0.2563
FR;sdiincj992;p90p100;2002;0.2573
FR;sdiincj992;p90p100;2003;0.2578
FR;sdiincj992;p90p100;2004;0.2594
FR;sdiincj992;p90p100;2005;0.2574
FR;sdiincj992;p90p100;2006;0.2512
FR;sdiincj992;p90p100;2007;0.2574
FR;sdiincj992;p90p100;2008;0.2599
FR;sdiincj992;p90p100;2009;0.2469
FR;sdiincj992;p90p100;2010;0.2473
FR;sdiincj992;p90p100;2011;0.2458
FR;sdiincj992;p90p100;2012;0.233
FR;sdiincj992;p90p100;2013;0.2253
FR;sdiincj992;p90p100;2014;0.2274
FR;sdiincj992;p90p100;2015;0.2366
FR;sdiincj992;p90p100;2016;0.2358
FR;sdiincj992;p90p100;2017;0.2362
FR;sdiincj992;p90p100;2018;0.2384
FR;sdiincj992;p90p100;2019;0.2354
FR;sdiincj992;p90p100;2020;0.229
FR;sdiincj992;p90p100;2021;0.2381
FR;sdiincj992;p90p100;2022;0.2359
FR;sdiincj992;p90p100;2023;0.236
FR;sdiincj992;p90p100;2024;0.2379
FR;sdiincj992;p99p100;1980;0.0639
FR;sdiincj992;p99p100;1981;0.0613
FR;sdiincj992;p99p100;1982;0.0584
FR;sdiincj992;p99p100;1983;0.058
FR;sdiincj992;p99p100;1984;0.0579
FR;sdiincj992;p99p100;1985;0.0604
FR;sdiincj992;p99p100;1986;0.0641
FR;sdiincj992;p99p100;1987;0.0667
FR;sdiincj992;p99p100;1988;0.0685
FR;sdiincj992;p99p100;1989;0.0725
FR;sdiincj992;p99p100;1990;0.0725
FR;sdiincj992;p99p100;1991;0.0719
FR;sdiincj992;p99p100;1992;0.0682
FR;sdiincj992;p99p100;1993;0.0678
FR;sdiincj992;p99p100;1994;0.0708
FR;sdiincj992;p99p100;1995;0.0715
FR;sdiincj992;p99p100;1996;0.0777
FR;sdiincj992;p99p100;1997;0.0801
FR;sdiincj992;p99p100;1998;0.0812
FR;sdiincj992;p99p100;1999;0.0784
FR;sdiincj992;p99p100;2000;0.0813
FR;sdiincj992;p99p100;2001;0.0818
FR;sdiincj992;p99p100;2002;0.0799
FR;sdiincj992;p99p100;2003;0.0801
FR;sdiincj992;p99p100;2004;0.0818
FR;sdiincj992;p99p100;2005;0.0792
FR;sdiincj992;p99p100;2006;0.0746
FR;sdiincj992;p99p100;2007;0.0792
FR;sdiincj992;p99p100;2008;0.0814
FR;sdiincj992;p99p100;2009;0.0706
FR;sdiincj992;p99p100;2010;0.0733
FR;sdiincj992;p99p100;2011;0.0738
FR;sdiincj992;p99p100;2012;0.0635
FR;sdiincj992;p99p100;2013;0.0575
FR;sdiincj992;p99p100;2014;0.0599
FR;sdiincj992;p99p100;2015;0.0646
FR;sdiincj992;p99p100;2016;0.0646
FR;sdiincj992;p99p100;2017;0.0665
FR;sdiincj992;p99p100;2018;0.071
FR;sdiincj992;p99p100;2019;0.0681
FR;sdiincj992;p99p100;2020;0.0648
FR;sdiincj992;p99p100;2021;0.0752
FR;sdiincj992;p99p100;2022;0.0715
FR;sdiincj992;p99p100;2023;0.0708
FR;sdiincj992;p99p100;2024;0.0718
FR;shwealj992;p0p50;1800;0.0247
FR;shwealj992;p0p50;1807;0.0263
FR;shwealj992;p0p50;1817;0.0232
FR;shwealj992;p0p50;1820;0.0231
FR;shwealj992;p0p50;1827;0.0248
FR;shwealj992;p0p50;1837;0.0252
FR;shwealj992;p0p50;1847;0.0194
FR;shwealj992;p0p50;1850;0.0222
FR;shwealj992;p0p50;1857;0.0226
FR;shwealj992;p0p50;1867;0.0226
FR;shwealj992;p0p50;1877;0.0214
FR;shwealj992;p0p50;1880;0.0212
FR;shwealj992;p0p50;1887;0.0212
FR;shwealj992;p0p50;1900;0.0157
FR;shwealj992;p0p50;1902;0.0162
FR;shwealj992;p0p50;1903;0.0161
FR;shwealj992;p0p50;1904;0.0153
FR;shwealj992;p0p50;1905;0.0151
FR;shwealj992;p0p50;1907;0.0153
FR;shwealj992;p0p50;1909;0.0162
FR;shwealj992;p0p50;1910;0.0159
FR;shwealj992;p0p50;1911;0.0162
FR;shwealj992;p0p50;1912;0.0153
FR;shwealj992;p0p50;1913;0.0164
FR;shwealj992;p0p50;1914;0.0163
FR;shwealj992;p0p50;1915;0.0175
FR;shwealj992;p0p50;1916;0.017
FR;shwealj992;p0p50;1917;0.0165
FR;shwealj992;p0p50;1918;0.0163
FR;shwealj992;p0p50;1919;0.0163
FR;shwealj992;p0p50;1920;0.0169
FR;shwealj992;p0p50;1921;0.0171
FR;shwealj992;p0p50;1922;0.0173
FR;shwealj992;p0p50;1923;0.0174
FR;shwealj992;p0p50;1924;0.0172
FR;shwealj992;p0p50;1925;0.0255
FR;shwealj992;p0p50;1926;0.0267
FR;shwealj992;p0p50;1927;0.024
FR;shwealj992;p0p50;1928;0.0205
FR;shwealj992;p0p50;1929;0.0224
FR;shwealj992;p0p50;1930;0.0203
FR;shwealj992;p0p50;1931;0.0209
FR;shwealj992;p0p50;1932;0.0216
FR;shwealj992;p0p50;1933;0.0229
FR;shwealj992;p0p50;1934;0.0247
FR;shwealj992;p0p50;1935;0.0245
FR;shwealj992;p0p50;1936;0.0249
FR;shwealj992;p0p50;1937;0.0253
FR;shwealj992;p0p50;1938;0.0318
FR;shwealj992;p0p50;1939;0.0299
FR;shwealj992;p0p50;1940;0.0384
FR;shwealj992;p0p50;1941;0.0291
FR;shwealj992;p0p50;1942;0.0259
FR;shwealj992;p0p50;1943;0.0276
FR;shwealj992;p0p50;1944;0.0287
FR;shwealj992;p0p50;1945;0.0294
FR;shwealj992;p0p50;1946;0.0269
FR;shwealj992;p0p50;1947;0.0295
FR;shwealj992;p0p50;1948;0.0296
FR;shwealj992;p0p50;1949;0.033
FR;shwealj992;p0p50;1950;0.0318
FR;shwealj992;p0p50;1951;0.0319
FR;shwealj992;p0p50;1952;0.0332
FR;shwealj992;p0p50;1953;0.0314
FR;shwealj992;p0p50;1954;0.0352
FR;shwealj992;p0p50;1955;0.0364
FR;shwealj992;p0p50;1956;0.0377
FR;shwealj992;p0p50;1957;0.0377
FR;shwealj992;p0p50;1958;0.0397
FR;shwealj992;p0p50;1959;0.0389
FR;shwealj992;p0p50;1960;0.041
FR;shwealj992;p0p50;1961;0.0549
FR;shwealj992;p0p50;1962;0.0397
FR;shwealj992;p0p50;1963;0.0549
FR;shwealj992;p0p50;1964;0.0406
FR;shwealj992;p0p50;1965;0.0455
FR;shwealj992;p0p50;1966;0.0527
FR;shwealj992;p0p50;1967;0.0602
FR;shwealj992;p0p50;1968;0.0738
FR;shwealj992;p0p50;1969;0.0857
FR;shwealj992;p0p50;1970;0.0683
FR;shwealj992;p0p50;1971;0.0712
FR;shwealj992;p0p50;1972;0.0736
FR;shwealj992;p0p50;1973;0.0741
FR;shwealj992;p0p50;1974;0.0748
FR;shwealj992;p0p50;1975;0.0757
FR;shwealj992;p0p50;1976;0.0783
FR;shwealj992;p0p50;1977;0.0822
FR;shwealj992;p0p50;1978;0.0833
FR;shwealj992;p0p50;1979;0.0838
FR;shwealj992;p0p50;1980;0.0845
FR;shwealj992;p0p50;1981;0.0856
FR;shwealj992;p0p50;1982;0.0883
FR;shwealj992;p0p50;1983;0.0899
FR;shwealj992;p0p50;1984;0.0905
FR;shwealj992;p0p50;1985;0.0926
FR;shwealj992;p0p50;1986;0.0935
FR;shwealj992;p0p50;1987;0.0953
FR;shwealj992;p0p50;1988;0.0969
FR;shwealj992;p0p50;1989;0.0922
FR;shwealj992;p0p50;1990;0.0894
FR;shwealj992;p0p50;1991;0.0877
FR;shwealj992;p0p50;1992;0.0782
FR;shwealj992;p0p50;1993;0.0792
FR;shwealj992;p0p50;1994;0.078
FR;shwealj992;p0p50;1995;0.0668
FR;shwealj992;p0p50;1996;0.0626
FR;shwealj992;p0p50;1997;0.0608
FR;shwealj992;p0p50;1998;0.0586
FR;shwealj992;p0p50;1999;0.0579
FR;shwealj992;p0p50;2000;0.0566
FR;shwealj992;p0p50;2001;0.0581
FR;shwealj992;p0p50;2002;0.0602
FR;shwealj992;p0p50;2003;0.0601
FR;shwealj992;p0p50;2004;0.0604
FR;shwealj992;p0p50;2005;0.0606
FR;shwealj992;p0p50;2006;0.0581
FR;shwealj992;p0p50;2007;0.0557
FR;shwealj992;p0p50;2008;0.0563
FR;shwealj992;p0p50;2009;0.0535
FR;shwealj992;p0p50;2010;0.0474
FR;shwealj992;p0p50;2011;0.0504
FR;shwealj992;p0p50;2012;0.0533
FR;shwealj992;p0p50;2013;0.0509
FR;shwealj992;p0p50;2014;0.0499
FR;shwealj992;p0p50;2015;0.0495
FR;shwealj992;p0p50;2016;0.0498
FR;shwealj992;p0p50;2017;0.0496
FR;shwealj992;p0p50;2018;0.0492
FR;shwealj992;p0p50;2019;0.0493
FR;shwealj992;p0p50;2020;0.0495
FR;shwealj992;p0p50;2021;0.0485
FR;shwealj992;p0p50;2022;0.0487
FR;shwealj992;p0p50;2023;0.0486
FR;shwealj992;p0p50;2024;0.0484
FR;shwealj992;p50p90;1800;0.1563
FR;shwealj992;p50p90;1807;0.1836
FR;shwealj992;p50p90;1817;0.129
FR;shwealj992;p50p90;1820;0.1465
FR;shwealj992;p50p90;1827;0.1507
FR;shwealj992;p50p90;1837;0.1753
FR;shwealj992;p50p90;1847;0.1137
FR;shwealj992;p50p90;1850;0.1562
FR;shwealj992;p50p90;1857;0.1476
FR;shwealj992;p50p90;1867;0.1681
FR;shwealj992;p50p90;1877;0.1528
FR;shwealj992;p50p90;1880;0.1462
FR;shwealj992;p50p90;1887;0.1462
FR;shwealj992;p50p90;1900;0.1323
FR;shwealj992;p50p90;1902;0.143
FR;shwealj992;p50p90;1903;0.1332
FR;shwealj992;p50p90;1904;0.1258
FR;shwealj992;p50p90;1905;0.1248
FR;shwealj992;p50p90;1907;0.1344
FR;shwealj992;p50p90;1909;0.1325
FR;shwealj992;p50p90;1910;0.1364
FR;shwealj992;p50p90;1911;0.1293
FR;shwealj992;p50p90;1912;0.1319
FR;shwealj992;p50p90;1913;0.1348
FR;shwealj992;p50p90;1914;0.1348
FR;shwealj992;p50p90;1915;0.1394
FR;shwealj992;p50p90;1916;0.1401
FR;shwealj992;p50p90;1917;0.1415
FR;shwealj992;p50p90;1918;0.1458
FR;shwealj992;p50p90;1919;0.1506
FR;shwealj992;p50p90;1920;0.1605
FR;shwealj992;p50p90;1921;0.1675
FR;shwealj992;p50p90;1922;0.1733
FR;shwealj992;p50p90;1923;0.1782
FR;shwealj992;p50p90;1924;0.1798
FR;shwealj992;p50p90;1925;0.1879
FR;shwealj992;p50p90;1926;0.1862
FR;shwealj992;p50p90;1927;0.1776
FR;shwealj992;p50p90;1928;0.1762
FR;shwealj992;p50p90;1929;0.175
FR;shwealj992;p50p90;1930;0.1773
FR;shwealj992;p50p90;1931;0.1912
FR;shwealj992;p50p90;1932;0.1985
FR;shwealj992;p50p90;1933;0.1963
FR;shwealj992;p50p90;1934;0.2023
FR;shwealj992;p50p90;1935;0.2028
FR;shwealj992;p50p90;1936;0.2084
FR;shwealj992;p50p90;1937;0.2113
FR;shwealj992;p50p90;1938;0.221
FR;shwealj992;p50p90;1939;0.2143
FR;shwealj992;p50p90;1940;0.2367
FR;shwealj992;p50p90;1941;0.2386
FR;shwealj992;p50p90;1942;0.2307
FR;shwealj992;p50p90;1943;0.2086
FR;shwealj992;p50p90;1944;0.2129
FR;shwealj992;p50p90;1945;0.2327
FR;shwealj992;p50p90;1946;0.2754
FR;shwealj992;p50p90;1947;0.2823
FR;shwealj992;p50p90;1948;0.2715
FR;shwealj992;p50p90;1949;0.2519
FR;shwealj992;p50p90;1950;0.2457
FR;shwealj992;p50p90;1951;0.2684
FR;shwealj992;p50p90;1952;0.2436
FR;shwealj992;p50p90;1953;0.24
FR;shwealj992;p50p90;1954;0.256
FR;shwealj992;p50p90;1955;0.2577
FR;shwealj992;p50p90;1956;0.2627
FR;shwealj992;p50p90;1957;0.2557
FR;shwealj992;p50p90;1958;0.2685
FR;shwealj992;p50p90;1959;0.2541
FR;shwealj992;p50p90;1960;0.2481
FR;shwealj992;p50p90;1961;0.265
FR;shwealj992;p50p90;1962;0.2546
FR;shwealj992;p50p90;1963;0.265
FR;shwealj992;p50p90;1964;0.2301
FR;shwealj992;p50p90;1965;0.2387
FR;shwealj992;p50p90;1966;0.2528
FR;shwealj992;p50p90;1967;0.2669
FR;shwealj992;p50p90;1968;0.3017
FR;shwealj992;p50p90;1969;0.3267
FR;shwealj992;p50p90;1970;0.3502
FR;shwealj992;p50p90;1971;0.3556
FR;shwealj992;p50p90;1972;0.3555
FR;shwealj992;p50p90;1973;0.3573
FR;shwealj992;p50p90;1974;0.3677
FR;shwealj992;p50p90;1975;0.3749
FR;shwealj992;p50p90;1976;0.3803
FR;shwealj992;p50p90;1977;0.3852
FR;shwealj992;p50p90;1978;0.3921
FR;shwealj992;p50p90;1979;0.3972
FR;shwealj992;p50p90;1980;0.4
FR;shwealj992;p50p90;1981;0.4058
FR;shwealj992;p50p90;1982;0.4099
FR;shwealj992;p50p90;1983;0.4103
FR;shwealj992;p50p90;1984;0.4098
FR;shwealj992;p50p90;1985;0.4063
FR;shwealj992;p50p90;1986;0.4012
FR;shwealj992;p50p90;1987;0.3997
FR;shwealj992;p50p90;1988;0.3964
FR;shwealj992;p50p90;1989;0.3988
FR;shwealj992;p50p90;1990;0.4052
FR;shwealj992;p50p90;1991;0.403
FR;shwealj992;p50p90;1992;0.4085
FR;shwealj992;p50p90;1993;0.4056
FR;shwealj992;p50p90;1994;0.4069
FR;shwealj992;p50p90;1995;0.3954
FR;shwealj992;p50p90;1996;0.3687
FR;shwealj992;p50p90;1997;0.3569
FR;shwealj992;p50p90;1998;0.3461
FR;shwealj992;p50p90;1999;0.3385
FR;shwealj992;p50p90;2000;0.3384
FR;shwealj992;p50p90;2001;0.3457
FR;shwealj992;p50p90;2002;0.3586
FR;shwealj992;p50p90;2003;0.3668
FR;shwealj992;p50p90;2004;0.3728
FR;shwealj992;p50p90;2005;0.3808
FR;shwealj992;p50p90;2006;0.3804
FR;shwealj992;p50p90;2007;0.3768
FR;shwealj992;p50p90;2008;0.3813
FR;shwealj992;p50p90;2009;0.38
FR;shwealj992;p50p90;2010;0.3692
FR;shwealj992;p50p90;2011;0.3727
FR;shwealj992;p50p90;2012;0.3744
FR;shwealj992;p50p90;2013;0.3703
FR;shwealj992;p50p90;2014;0.3631
FR;shwealj992;p50p90;2015;0.361
FR;shwealj992;p50p90;2016;0.3631
FR;shwealj992;p50p90;2017;0.362
FR;shwealj992;p50p90;2018;0.3589
FR;shwealj992;p50p90;2019;0.3594
FR;shwealj992;p50p90;2020;0.3611
FR;shwealj992;p50p90;2021;0.3545
FR;shwealj992;p50p90;2022;0.3552
FR;shwealj992;p50p90;2023;0.3544
FR;shwealj992;p50p90;2024;0.3529
FR;shwealj992;p99p100;1800;0.4628
FR;shwealj992;p99p100;1807;0.4415
FR;shwealj992;p99p100;1817;0.4842
FR;shwealj992;p99p100;1820;0.4789
FR;shwealj992;p99p100;1827;0.4668
FR;shwealj992;p99p100;1837;0.4581
FR;shwealj992;p99p100;1847;0.5116
FR;shwealj992;p99p100;1850;0.4872
FR;shwealj992;p99p100;1857;0.5152
FR;shwealj992;p99p100;1867;0.4928
FR;shwealj992;p99p100;1877;0.4534
FR;shwealj992;p99p100;1880;0.4894
FR;shwealj992;p99p100;1887;0.4894
FR;shwealj992;p99p100;1900;0.5497000000000001
FR;shwealj992;p99p100;1902;0.5239
FR;shwealj992;p99p100;1903;0.5436
FR;shwealj992;p99p100;1904;0.5635
FR;shwealj992;p99p100;1905;0.5691
FR;shwealj992;p99p100;1907;0.5444
FR;shwealj992;p99p100;1909;0.5538000000000001
FR;shwealj992;p99p100;1910;0.5406000000000001
FR;shwealj992;p99p100;1911;0.5541
FR;shwealj992;p99p100;1912;0.5533
FR;shwealj992;p99p100;1913;0.5455
FR;shwealj992;p99p100;1914;0.5456
FR;shwealj992;p99p100;1915;0.5397000000000001
FR;shwealj992;p99p100;1916;0.5375
FR;shwealj992;p99p100;1917;0.5346000000000001
FR;shwealj992;p99p100;1918;0.5278
FR;shwealj992;p99p100;1919;0.5198
FR;shwealj992;p99p100;1920;0.5042
FR;shwealj992;p99p100;1921;0.4937
FR;shwealj992;p99p100;1922;0.4845
FR;shwealj992;p99p100;1923;0.477
FR;shwealj992;p99p100;1924;0.4741
FR;shwealj992;p99p100;1925;0.4469
FR;shwealj992;p99p100;1926;0.4536
FR;shwealj992;p99p100;1927;0.4776
FR;shwealj992;p99p100;1928;0.478
FR;shwealj992;p99p100;1929;0.4908
FR;shwealj992;p99p100;1930;0.4962
FR;shwealj992;p99p100;1931;0.4635
FR;shwealj992;p99p100;1932;0.4481
FR;shwealj992;p99p100;1933;0.4459
FR;shwealj992;p99p100;1934;0.4385
FR;shwealj992;p99p100;1935;0.4377
FR;shwealj992;p99p100;1936;0.4323
FR;shwealj992;p99p100;1937;0.4261
FR;shwealj992;p99p100;1938;0.3968
FR;shwealj992;p99p100;1939;0.3999
FR;shwealj992;p99p100;1940;0.3483
FR;shwealj992;p99p100;1941;0.3484
FR;shwealj992;p99p100;1942;0.3624
FR;shwealj992;p99p100;1943;0.3802
FR;shwealj992;p99p100;1944;0.3785
FR;shwealj992;p99p100;1945;0.352
FR;shwealj992;p99p100;1946;0.3071
FR;shwealj992;p99p100;1947;0.3024
FR;shwealj992;p99p100;1948;0.3054
FR;shwealj992;p99p100;1949;0.3326
FR;shwealj992;p99p100;1950;0.334
FR;shwealj992;p99p100;1951;0.3272
FR;shwealj992;p99p100;1952;0.3207
FR;shwealj992;p99p100;1953;0.3191
FR;shwealj992;p99p100;1954;0.3043
FR;shwealj992;p99p100;1955;0.311
FR;shwealj992;p99p100;1956;0.3134
FR;shwealj992;p99p100;1957;0.3328
FR;shwealj992;p99p100;1958;0.3112
FR;shwealj992;p99p100;1959;0.3254
FR;shwealj992;p99p100;1960;0.3145
FR;shwealj992;p99p100;1961;0.2958
FR;shwealj992;p99p100;1962;0.3199
FR;shwealj992;p99p100;1963;0.2958
FR;shwealj992;p99p100;1964;0.3258
FR;shwealj992;p99p100;1965;0.3185
FR;shwealj992;p99p100;1966;0.3051
FR;shwealj992;p99p100;1967;0.2919
FR;shwealj992;p99p100;1968;0.2571
FR;shwealj992;p99p100;1969;0.2333
FR;shwealj992;p99p100;1970;0.2032
FR;shwealj992;p99p100;1971;0.1984
FR;shwealj992;p99p100;1972;0.1978
FR;shwealj992;p99p100;1973;0.1977
FR;shwealj992;p99p100;1974;0.1914
FR;shwealj992;p99p100;1975;0.1869
FR;shwealj992;p99p100;1976;0.183
FR;shwealj992;p99p100;1977;0.1788
FR;shwealj992;p99p100;1978;0.176
FR;shwealj992;p99p100;1979;0.174
FR;shwealj992;p99p100;1980;0.1717
FR;shwealj992;p99p100;1981;0.1666
FR;shwealj992;p99p100;1982;0.1617
FR;shwealj992;p99p100;1983;0.1592
FR;shwealj992;p99p100;1984;0.1585
FR;shwealj992;p99p100;1985;0.1613
FR;shwealj992;p99p100;1986;0.1678
FR;shwealj992;p99p100;1987;0.1706
FR;shwealj992;p99p100;1988;0.1774
FR;shwealj992;p99p100;1989;0.1794
FR;shwealj992;p99p100;1990;0.1771
FR;shwealj992;p99p100;1991;0.1864
FR;shwealj992;p99p100;1992;0.1813
FR;shwealj992;p99p100;1993;0.1938
FR;shwealj992;p99p100;1994;0.1993
FR;shwealj992;p99p100;1995;0.2074
FR;shwealj992;p99p100;1996;0.2466
FR;shwealj992;p99p100;1997;0.2669
FR;shwealj992;p99p100;1998;0.2811
FR;shwealj992;p99p100;1999;0.2987
FR;shwealj992;p99p100;2000;0.2984
FR;shwealj992;p99p100;2001;0.2846
FR;shwealj992;p99p100;2002;0.2665
FR;shwealj992;p99p100;2003;0.2567
FR;shwealj992;p99p100;2004;0.251
FR;shwealj992;p99p100;2005;0.2383
FR;shwealj992;p99p100;2006;0.2339
FR;shwealj992;p99p100;2007;0.2373
FR;shwealj992;p99p100;2008;0.2307
FR;shwealj992;p99p100;2009;0.2276
FR;shwealj992;p99p100;2010;0.2465
FR;shwealj992;p99p100;2011;0.2427
FR;shwealj992;p99p100;2012;0.2382
FR;shwealj992;p99p100;2013;0.2458
FR;shwealj992;p99p100;2014;0.2579
FR;shwealj992;p99p100;2015;0.2609
FR;shwealj992;p99p100;2016;0.2568
FR;shwealj992;p99p100;2017;0.2586
FR;shwealj992;p99p100;2018;0.264
FR;shwealj992;p99p100;2019;0.2633
FR;shwealj992;p99p100;2020;0.2602
FR;shwealj992;p99p100;2021;0.2721
FR;shwealj992;p99p100;2022;0.2715
FR;shwealj992;p99p100;2023;0.2736
FR;shwealj992;p99p100;2024;0.2768
FR;sptincj992;p0p50;1820;0.1483
FR;sptincj992;p0p50;1850;0.146
FR;sptincj992;p0p50;1880;0.1453
FR;sptincj992;p0p50;1900;0.163
FR;sptincj992;p0p50;1910;0.1455
FR;sptincj992;p0p50;1915;0.1358
FR;sptincj992;p0p50;1916;0.134
FR;sptincj992;p0p50;1917;0.1343
FR;sptincj992;p0p50;1918;0.1419
FR;sptincj992;p0p50;1919;0.1399
FR;sptincj992;p0p50;1920;0.143
FR;sptincj992;p0p50;1921;0.146
FR;sptincj992;p0p50;1922;0.1422
FR;sptincj992;p0p50;1923;0.1375
FR;sptincj992;p0p50;1924;0.1421
FR;sptincj992;p0p50;1925;0.1441
FR;sptincj992;p0p50;1926;0.1487
FR;sptincj992;p0p50;1927;0.1459
FR;sptincj992;p0p50;1928;0.1475
FR;sptincj992;p0p50;1929;0.1529
FR;sptincj992;p0p50;1930;0.1591
FR;sptincj992;p0p50;1931;0.1604
FR;sptincj992;p0p50;1932;0.1536
FR;sptincj992;p0p50;1933;0.148
FR;sptincj992;p0p50;1934;0.1462
FR;sptincj992;p0p50;1935;0.1434
FR;sptincj992;p0p50;1936;0.1508
FR;sptincj992;p0p50;1937;0.1552
FR;sptincj992;p0p50;1938;0.1592
FR;sptincj992;p0p50;1939;0.1697
FR;sptincj992;p0p50;1940;0.1659
FR;sptincj992;p0p50;1941;0.1692
FR;sptincj992;p0p50;1942;0.1806
FR;sptincj992;p0p50;1943;0.1957
FR;sptincj992;p0p50;1944;0.2011
FR;sptincj992;p0p50;1945;0.205
FR;sptincj992;p0p50;1946;0.1896
FR;sptincj992;p0p50;1947;0.1851
FR;sptincj992;p0p50;1948;0.1915
FR;sptincj992;p0p50;1949;0.1931
FR;sptincj992;p0p50;1950;0.1946
FR;sptincj992;p0p50;1951;0.1904
FR;sptincj992;p0p50;1952;0.188
FR;sptincj992;p0p50;1953;0.19
FR;sptincj992;p0p50;1954;0.1868
FR;sptincj992;p0p50;1955;0.1842
FR;sptincj992;p0p50;1956;0.1858
FR;sptincj992;p0p50;1957;0.184
FR;sptincj992;p0p50;1958;0.1857
FR;sptincj992;p0p50;1959;0.1798
FR;sptincj992;p0p50;1960;0.1809
FR;sptincj992;p0p50;1961;0.1794
FR;sptincj992;p0p50;1962;0.1806
FR;sptincj992;p0p50;1963;0.178
FR;sptincj992;p0p50;1964;0.1792
FR;sptincj992;p0p50;1965;0.1756
FR;sptincj992;p0p50;1966;0.1785
FR;sptincj992;p0p50;1967;0.1784
FR;sptincj992;p0p50;1968;0.1848
FR;sptincj992;p0p50;1969;0.1892
FR;sptincj992;p0p50;1970;0.1925
FR;sptincj992;p0p50;1971;0.1941
FR;sptincj992;p0p50;1972;0.1977
FR;sptincj992;p0p50;1973;0.1941
FR;sptincj992;p0p50;1974;0.1969
FR;sptincj992;p0p50;1975;0.2001
FR;sptincj992;p0p50;1976;0.2017
FR;sptincj992;p0p50;1977;0.2109
FR;sptincj992;p0p50;1978;0.2158
FR;sptincj992;p0p50;1979;0.2157
FR;sptincj992;p0p50;1980;0.2266
FR;sptincj992;p0p50;1981;0.2276
FR;sptincj992;p0p50;1982;0.2285
FR;sptincj992;p0p50;1983;0.2277
FR;sptincj992;p0p50;1984;0.2259
FR;sptincj992;p0p50;1985;0.2261
FR;sptincj992;p0p50;1986;0.2239
FR;sptincj992;p0p50;1987;0.223
FR;sptincj992;p0p50;1988;0.2225
FR;sptincj992;p0p50;1989;0.2176
FR;sptincj992;p0p50;1990;0.2153
FR;sptincj992;p0p50;1991;0.2194
FR;sptincj992;p0p50;1992;0.2168
FR;sptincj992;p0p50;1993;0.215
FR;sptincj992;p0p50;1994;0.2128
FR;sptincj992;p0p50;1995;0.2131
FR;sptincj992;p0p50;1996;0.2105
FR;sptincj992;p0p50;1997;0.2073
FR;sptincj992;p0p50;1998;0.2054
FR;sptincj992;p0p50;1999;0.2061
FR;sptincj992;p0p50;2000;0.2054
FR;sptincj992;p0p50;2001;0.2067
FR;sptincj992;p0p50;2002;0.2037
FR;sptincj992;p0p50;2003;0.2019
FR;sptincj992;p0p50;2004;0.1994
FR;sptincj992;p0p50;2005;0.2
FR;sptincj992;p0p50;2006;0.2021
FR;sptincj992;p0p50;2007;0.1985
FR;sptincj992;p0p50;2008;0.1979
FR;sptincj992;p0p50;2009;0.2032
FR;sptincj992;p0p50;2010;0.2023
FR;sptincj992;p0p50;2011;0.2043
FR;sptincj992;p0p50;2012;0.2082
FR;sptincj992;p0p50;2013;0.2092
FR;sptincj992;p0p50;2014;0.2112
FR;sptincj992;p0p50;2015;0.2055
FR;sptincj992;p0p50;2016;0.2065
FR;sptincj992;p0p50;2017;0.2059
FR;sptincj992;p0p50;2018;0.2034
FR;sptincj992;p0p50;2019;0.2048
FR;sptincj992;p0p50;2020;0.2055
FR;sptincj992;p0p50;2021;0.2026
FR;sptincj992;p0p50;2022;0.2034
FR;sptincj992;p0p50;2023;0.203
FR;sptincj992;p0p50;2024;0.203
FR;sptincj992;p50p90;1820;0.3427
FR;sptincj992;p50p90;1850;0.3373
FR;sptincj992;p50p90;1880;0.3358
FR;sptincj992;p50p90;1900;0.3428
FR;sptincj992;p50p90;1910;0.3362
FR;sptincj992;p50p90;1915;0.3775
FR;sptincj992;p50p90;1916;0.3593
FR;sptincj992;p50p90;1917;0.3611
FR;sptincj992;p50p90;1918;0.3827
FR;sptincj992;p50p90;1919;0.375
FR;sptincj992;p50p90;1920;0.3824
FR;sptincj992;p50p90;1921;0.3908
FR;sptincj992;p50p90;1922;0.3794
FR;sptincj992;p50p90;1923;0.3658
FR;sptincj992;p50p90;1924;0.3787
FR;sptincj992;p50p90;1925;0.3835
FR;sptincj992;p50p90;1926;0.3945
FR;sptincj992;p50p90;1927;0.3843
FR;sptincj992;p50p90;1928;0.3834
FR;sptincj992;p50p90;1929;0.3922
FR;sptincj992;p50p90;1930;0.4089
FR;sptincj992;p50p90;1931;0.4109
FR;sptincj992;p50p90;1932;0.3961
FR;sptincj992;p50p90;1933;0.3831
FR;sptincj992;p50p90;1934;0.3787
FR;sptincj992;p50p90;1935;0.3713
FR;sptincj992;p50p90;1936;0.3899
FR;sptincj992;p50p90;1937;0.3925
FR;sptincj992;p50p90;1938;0.4009
FR;sptincj992;p50p90;1939;0.416
FR;sptincj992;p50p90;1940;0.4095
FR;sptincj992;p50p90;1941;0.4181
FR;sptincj992;p50p90;1942;0.434
FR;sptincj992;p50p90;1943;0.4566
FR;sptincj992;p50p90;1944;0.4736
FR;sptincj992;p50p90;1945;0.4813
FR;sptincj992;p50p90;1946;0.4632
FR;sptincj992;p50p90;1947;0.4551
FR;sptincj992;p50p90;1948;0.4684
FR;sptincj992;p50p90;1949;0.4646
FR;sptincj992;p50p90;1950;0.4648
FR;sptincj992;p50p90;1951;0.4608
FR;sptincj992;p50p90;1952;0.4557
FR;sptincj992;p50p90;1953;0.4563
FR;sptincj992;p50p90;1954;0.4527
FR;sptincj992;p50p90;1955;0.4487
FR;sptincj992;p50p90;1956;0.4517
FR;sptincj992;p50p90;1957;0.4488
FR;sptincj992;p50p90;1958;0.4558
FR;sptincj992;p50p90;1959;0.4411
FR;sptincj992;p50p90;1960;0.4396
FR;sptincj992;p50p90;1961;0.4365
FR;sptincj992;p50p90;1962;0.4467
FR;sptincj992;p50p90;1963;0.4495
FR;sptincj992;p50p90;1964;0.4419
FR;sptincj992;p50p90;1965;0.442
FR;sptincj992;p50p90;1966;0.4494
FR;sptincj992;p50p90;1967;0.4513
FR;sptincj992;p50p90;1968;0.4587
FR;sptincj992;p50p90;1969;0.463
FR;sptincj992;p50p90;1970;0.4629
FR;sptincj992;p50p90;1971;0.4649
FR;sptincj992;p50p90;1972;0.4635
FR;sptincj992;p50p90;1973;0.4604
FR;sptincj992;p50p90;1974;0.462
FR;sptincj992;p50p90;1975;0.4637
FR;sptincj992;p50p90;1976;0.4666
FR;sptincj992;p50p90;1977;0.4724
FR;sptincj992;p50p90;1978;0.4738
FR;sptincj992;p50p90;1979;0.4633
FR;sptincj992;p50p90;1980;0.4858
FR;sptincj992;p50p90;1981;0.487
FR;sptincj992;p50p90;1982;0.4889
FR;sptincj992;p50p90;1983;0.489
FR;sptincj992;p50p90;1984;0.4891
FR;sptincj992;p50p90;1985;0.4848
FR;sptincj992;p50p90;1986;0.4783
FR;sptincj992;p50p90;1987;0.4738
FR;sptincj992;p50p90;1988;0.4698
FR;sptincj992;p50p90;1989;0.4674
FR;sptincj992;p50p90;1990;0.4691
FR;sptincj992;p50p90;1991;0.47
FR;sptincj992;p50p90;1992;0.4756
FR;sptincj992;p50p90;1993;0.4785
FR;sptincj992;p50p90;1994;0.4752
FR;sptincj992;p50p90;1995;0.4737
FR;sptincj992;p50p90;1996;0.4674
FR;sptincj992;p50p90;1997;0.4664
FR;sptincj992;p50p90;1998;0.4616
FR;sptincj992;p50p90;1999;0.4615
FR;sptincj992;p50p90;2000;0.4587
FR;sptincj992;p50p90;2001;0.4555
FR;sptincj992;p50p90;2002;0.4602
FR;sptincj992;p50p90;2003;0.4606
FR;sptincj992;p50p90;2004;0.4575
FR;sptincj992;p50p90;2005;0.4574
FR;sptincj992;p50p90;2006;0.4576
FR;sptincj992;p50p90;2007;0.4523
FR;sptincj992;p50p90;2008;0.4501
FR;sptincj992;p50p90;2009;0.4638
FR;sptincj992;p50p90;2010;0.4596
FR;sptincj992;p50p90;2011;0.4564
FR;sptincj992;p50p90;2012;0.4626
FR;sptincj992;p50p90;2013;0.4675
FR;sptincj992;p50p90;2014;0.4639
FR;sptincj992;p50p90;2015;0.4611
FR;sptincj992;p50p90;2016;0.4598
FR;sptincj992;p50p90;2017;0.4578
FR;sptincj992;p50p90;2018;0.4534
FR;sptincj992;p50p90;2019;0.4546
FR;sptincj992;p50p90;2020;0.4561
FR;sptincj992;p50p90;2021;0.4484
FR;sptincj992;p50p90;2022;0.4526
FR;sptincj992;p50p90;2023;0.4566
FR;sptincj992;p50p90;2024;0.4566
FR;sptincj992;p90p100;1820;0.509
FR;sptincj992;p90p100;1850;0.5168
FR;sptincj992;p90p100;1880;0.5189
FR;sptincj992;p90p100;1900;0.4942
FR;sptincj992;p90p100;1910;0.5184
FR;sptincj992;p90p100;1915;0.4867
FR;sptincj992;p90p100;1916;0.5067
FR;sptincj992;p90p100;1917;0.5045000000000001
FR;sptincj992;p90p100;1918;0.4754
FR;sptincj992;p90p100;1919;0.4851
FR;sptincj992;p90p100;1920;0.4747
FR;sptincj992;p90p100;1921;0.4633
FR;sptincj992;p90p100;1922;0.4784
FR;sptincj992;p90p100;1923;0.4967
FR;sptincj992;p90p100;1924;0.4793
FR;sptincj992;p90p100;1925;0.4723
FR;sptincj992;p90p100;1926;0.4568
FR;sptincj992;p90p100;1927;0.4699
FR;sptincj992;p90p100;1928;0.4692
FR;sptincj992;p90p100;1929;0.4549
FR;sptincj992;p90p100;1930;0.4321
FR;sptincj992;p90p100;1931;0.4287
FR;sptincj992;p90p100;1932;0.4503
FR;sptincj992;p90p100;1933;0.4689
FR;sptincj992;p90p100;1934;0.4751
FR;sptincj992;p90p100;1935;0.4853
FR;sptincj992;p90p100;1936;0.4593
FR;sptincj992;p90p100;1937;0.4523
FR;sptincj992;p90p100;1938;0.4398
FR;sptincj992;p90p100;1939;0.4143
FR;sptincj992;p90p100;1940;0.4246
FR;sptincj992;p90p100;1941;0.4127
FR;sptincj992;p90p100;1942;0.3855
FR;sptincj992;p90p100;1943;0.3477
FR;sptincj992;p90p100;1944;0.3253
FR;sptincj992;p90p100;1945;0.3137
FR;sptincj992;p90p100;1946;0.3472
FR;sptincj992;p90p100;1947;0.3598
FR;sptincj992;p90p100;1948;0.3401
FR;sptincj992;p90p100;1949;0.3422
FR;sptincj992;p90p100;1950;0.3406
FR;sptincj992;p90p100;1951;0.3488
FR;sptincj992;p90p100;1952;0.3562
FR;sptincj992;p90p100;1953;0.3538
FR;sptincj992;p90p100;1954;0.3605
FR;sptincj992;p90p100;1955;0.3672
FR;sptincj992;p90p100;1956;0.3625
FR;sptincj992;p90p100;1957;0.3673
FR;sptincj992;p90p100;1958;0.3585
FR;sptincj992;p90p100;1959;0.3791
FR;sptincj992;p90p100;1960;0.3794
FR;sptincj992;p90p100;1961;0.3841
FR;sptincj992;p90p100;1962;0.3727
FR;sptincj992;p90p100;1963;0.3725
FR;sptincj992;p90p100;1964;0.3789
FR;sptincj992;p90p100;1965;0.3824
FR;sptincj992;p90p100;1966;0.3721
FR;sptincj992;p90p100;1967;0.3703
FR;sptincj992;p90p100;1968;0.3565
FR;sptincj992;p90p100;1969;0.3478
FR;sptincj992;p90p100;1970;0.3446
FR;sptincj992;p90p100;1971;0.3411
FR;sptincj992;p90p100;1972;0.3387
FR;sptincj992;p90p100;1973;0.3455
FR;sptincj992;p90p100;1974;0.3411
FR;sptincj992;p90p100;1975;0.3362
FR;sptincj992;p90p100;1976;0.3317
FR;sptincj992;p90p100;1977;0.3167
FR;sptincj992;p90p100;1978;0.3104
FR;sptincj992;p90p100;1979;0.321
FR;sptincj992;p90p100;1980;0.2876
FR;sptincj992;p90p100;1981;0.2854
FR;sptincj992;p90p100;1982;0.2826
FR;sptincj992;p90p100;1983;0.2833
FR;sptincj992;p90p100;1984;0.285
FR;sptincj992;p90p100;1985;0.2891
FR;sptincj992;p90p100;1986;0.2978
FR;sptincj992;p90p100;1987;0.3032
FR;sptincj992;p90p100;1988;0.3078
FR;sptincj992;p90p100;1989;0.315
FR;sptincj992;p90p100;1990;0.3156
FR;sptincj992;p90p100;1991;0.3107
FR;sptincj992;p90p100;1992;0.3077
FR;sptincj992;p90p100;1993;0.3065
FR;sptincj992;p90p100;1994;0.312
FR;sptincj992;p90p100;1995;0.3132
FR;sptincj992;p90p100;1996;0.3222
FR;sptincj992;p90p100;1997;0.3262
FR;sptincj992;p90p100;1998;0.3329
FR;sptincj992;p90p100;1999;0.3325
FR;sptincj992;p90p100;2000;0.3359
FR;sptincj992;p90p100;2001;0.3378
FR;sptincj992;p90p100;2002;0.3361
FR;sptincj992;p90p100;2003;0.3375
FR;sptincj992;p90p100;2004;0.3431
FR;sptincj992;p90p100;2005;0.3426
FR;sptincj992;p90p100;2006;0.3403
FR;sptincj992;p90p100;2007;0.3492
FR;sptincj992;p90p100;2008;0.352
FR;sptincj992;p90p100;2009;0.333
FR;sptincj992;p90p100;2010;0.3381
FR;sptincj992;p90p100;2011;0.3392
FR;sptincj992;p90p100;2012;0.3292
FR;sptincj992;p90p100;2013;0.3233
FR;sptincj992;p90p100;2014;0.3249
FR;sptincj992;p90p100;2015;0.3334
FR;sptincj992;p90p100;2016;0.3338
FR;sptincj992;p90p100;2017;0.3364
FR;sptincj992;p90p100;2018;0.3433
FR;sptincj992;p90p100;2019;0.3406
FR;sptincj992;p90p100;2020;0.3384
FR;sptincj992;p90p100;2021;0.349
FR;sptincj992;p90p100;2022;0.344
FR;sptincj992;p90p100;2023;0.3403
FR;sptincj992;p90p100;2024;0.3403
FR;sptincj992;p99p100;1820;0.197
FR;sptincj992;p99p100;1850;0.208
FR;sptincj992;p99p100;1880;0.215
FR;sptincj992;p99p100;1900;0.2369
FR;sptincj992;p99p100;1910;0.2273
FR;sptincj992;p99p100;1915;0.1989
FR;sptincj992;p99p100;1916;0.2293
FR;sptincj992;p99p100;1917;0.2266
FR;sptincj992;p99p100;1918;0.2014
FR;sptincj992;p99p100;1919;0.2104
FR;sptincj992;p99p100;1920;0.2013
FR;sptincj992;p99p100;1921;0.1919
FR;sptincj992;p99p100;1922;0.21
FR;sptincj992;p99p100;1923;0.2334
FR;sptincj992;p99p100;1924;0.2164
FR;sptincj992;p99p100;1925;0.2102
FR;sptincj992;p99p100;1926;0.2065
FR;sptincj992;p99p100;1927;0.2135
FR;sptincj992;p99p100;1928;0.2149
FR;sptincj992;p99p100;1929;0.2012
FR;sptincj992;p99p100;1930;0.1733
FR;sptincj992;p99p100;1931;0.1655
FR;sptincj992;p99p100;1932;0.1696
FR;sptincj992;p99p100;1933;0.1775
FR;sptincj992;p99p100;1934;0.1772
FR;sptincj992;p99p100;1935;0.1847
FR;sptincj992;p99p100;1936;0.1739
FR;sptincj992;p99p100;1937;0.1755
FR;sptincj992;p99p100;1938;0.1661
FR;sptincj992;p99p100;1939;0.1651
FR;sptincj992;p99p100;1940;0.1688
FR;sptincj992;p99p100;1941;0.1612
FR;sptincj992;p99p100;1942;0.1475
FR;sptincj992;p99p100;1943;0.1192
FR;sptincj992;p99p100;1944;0.1006
FR;sptincj992;p99p100;1945;0.0854
FR;sptincj992;p99p100;1946;0.1051
FR;sptincj992;p99p100;1947;0.1079
FR;sptincj992;p99p100;1948;0.0999
FR;sptincj992;p99p100;1949;0.1035
FR;sptincj992;p99p100;1950;0.1043
FR;sptincj992;p99p100;1951;0.1079
FR;sptincj992;p99p100;1952;0.1105
FR;sptincj992;p99p100;1953;0.1094
FR;sptincj992;p99p100;1954;0.1114
FR;sptincj992;p99p100;1955;0.1136
FR;sptincj992;p99p100;1956;0.1106
FR;sptincj992;p99p100;1957;0.1133
FR;sptincj992;p99p100;1958;0.1046
FR;sptincj992;p99p100;1959;0.1132
FR;sptincj992;p99p100;1960;0.1153
FR;sptincj992;p99p100;1961;0.1165
FR;sptincj992;p99p100;1962;0.1105
FR;sptincj992;p99p100;1963;0.1082
FR;sptincj992;p99p100;1964;0.1094
FR;sptincj992;p99p100;1965;0.1103
FR;sptincj992;p99p100;1966;0.1082
FR;sptincj992;p99p100;1967;0.1081
FR;sptincj992;p99p100;1968;0.1026
FR;sptincj992;p99p100;1969;0.1
FR;sptincj992;p99p100;1970;0.0976
FR;sptincj992;p99p100;1971;0.0978
FR;sptincj992;p99p100;1972;0.096
FR;sptincj992;p99p100;1973;0.102
FR;sptincj992;p99p100;1974;0.0984
FR;sptincj992;p99p100;1975;0.092
FR;sptincj992;p99p100;1976;0.0922
FR;sptincj992;p99p100;1977;0.0865
FR;sptincj992;p99p100;1978;0.084
FR;sptincj992;p99p100;1979;0.0875
FR;sptincj992;p99p100;1980;0.0754
FR;sptincj992;p99p100;1981;0.0734
FR;sptincj992;p99p100;1982;0.0703
FR;sptincj992;p99p100;1983;0.0698
FR;sptincj992;p99p100;1984;0.0701
FR;sptincj992;p99p100;1985;0.0727
FR;sptincj992;p99p100;1986;0.0784
FR;sptincj992;p99p100;1987;0.0822
FR;sptincj992;p99p100;1988;0.0844
FR;sptincj992;p99p100;1989;0.0891
FR;sptincj992;p99p100;1990;0.0897
FR;sptincj992;p99p100;1991;0.0903
FR;sptincj992;p99p100;1992;0.0872
FR;sptincj992;p99p100;1993;0.0866
FR;sptincj992;p99p100;1994;0.0913
FR;sptincj992;p99p100;1995;0.0929
FR;sptincj992;p99p100;1996;0.1022
FR;sptincj992;p99p100;1997;0.1067
FR;sptincj992;p99p100;1998;0.1118
FR;sptincj992;p99p100;1999;0.1105
FR;sptincj992;p99p100;2000;0.1133
FR;sptincj992;p99p100;2001;0.115
FR;sptincj992;p99p100;2002;0.1108
FR;sptincj992;p99p100;2003;0.112
FR;sptincj992;p99p100;2004;0.1171
FR;sptincj992;p99p100;2005;0.1152
FR;sptincj992;p99p100;2006;0.1117
FR;sptincj992;p99p100;2007;0.1185
FR;sptincj992;p99p100;2008;0.1209
FR;sptincj992;p99p100;2009;0.1036
FR;sptincj992;p99p100;2010;0.1102
FR;sptincj992;p99p100;2011;0.1124
FR;sptincj992;p99p100;2012;0.1024
FR;sptincj992;p99p100;2013;0.0955
FR;sptincj992;p99p100;2014;0.0979
FR;sptincj992;p99p100;2015;0.1034
FR;sptincj992;p99p100;2016;0.1039
FR;sptincj992;p99p100;2017;0.1079
FR;sptincj992;p99p100;2018;0.1175
FR;sptincj992;p99p100;2019;0.1139
FR;sptincj992;p99p100;2020;0.1115
FR;sptincj992;p99p100;2021;0.1272
FR;sptincj992;p99p100;2022;0.121
FR;sptincj992;p99p100;2023;0.1182
FR;sptincj992;p99p100;2024;0.1182
FR;shwealj992;p90p100;1800;0.8190000000000001
FR;shwealj992;p90p100;1807;0.7901
FR;shwealj992;p90p100;1817;0.8478
FR;shwealj992;p90p100;1820;0.8303
FR;shwealj992;p90p100;1827;0.8245
FR;shwealj992;p90p100;1837;0.7995
FR;shwealj992;p90p100;1847;0.8669
FR;shwealj992;p90p100;1850;0.8216
FR;shwealj992;p90p100;1857;0.8298000000000001
FR;shwealj992;p90p100;1867;0.8093
FR;shwealj992;p90p100;1877;0.8257
FR;shwealj992;p90p100;1880;0.8326
FR;shwealj992;p90p100;1887;0.8326
FR;shwealj992;p90p100;1900;0.8520000000000001
FR;shwealj992;p90p100;1902;0.8408
FR;shwealj992;p90p100;1903;0.8507
FR;shwealj992;p90p100;1904;0.8589
FR;shwealj992;p90p100;1905;0.8601000000000001
FR;shwealj992;p90p100;1907;0.8503000000000001
FR;shwealj992;p90p100;1909;0.8513000000000001
FR;shwealj992;p90p100;1910;0.8477
FR;shwealj992;p90p100;1911;0.8545
FR;shwealj992;p90p100;1912;0.8528
FR;shwealj992;p90p100;1913;0.8488
FR;shwealj992;p90p100;1914;0.8489
FR;shwealj992;p90p100;1915;0.8431000000000001
FR;shwealj992;p90p100;1916;0.8429000000000001
FR;shwealj992;p90p100;1917;0.8420000000000001
FR;shwealj992;p90p100;1918;0.8379000000000001
FR;shwealj992;p90p100;1919;0.8331000000000001
FR;shwealj992;p90p100;1920;0.8226
FR;shwealj992;p90p100;1921;0.8154
FR;shwealj992;p90p100;1922;0.8094
FR;shwealj992;p90p100;1923;0.8044
FR;shwealj992;p90p100;1924;0.803
FR;shwealj992;p90p100;1925;0.7866000000000001
FR;shwealj992;p90p100;1926;0.7871
FR;shwealj992;p90p100;1927;0.7984
FR;shwealj992;p90p100;1928;0.8033
FR;shwealj992;p90p100;1929;0.8026000000000001
FR;shwealj992;p90p100;1930;0.8024
FR;shwealj992;p90p100;1931;0.7879
FR;shwealj992;p90p100;1932;0.7799
FR;shwealj992;p90p100;1933;0.7808
FR;shwealj992;p90p100;1934;0.773
FR;shwealj992;p90p100;1935;0.7727
FR;shwealj992;p90p100;1936;0.7667
FR;shwealj992;p90p100;1937;0.7634000000000001
FR;shwealj992;p90p100;1938;0.7472000000000001
FR;shwealj992;p90p100;1939;0.7558
FR;shwealj992;p90p100;1940;0.7249
FR;shwealj992;p90p100;1941;0.7323000000000001
FR;shwealj992;p90p100;1942;0.7434000000000001
FR;shwealj992;p90p100;1943;0.7638
FR;shwealj992;p90p100;1944;0.7584000000000001
FR;shwealj992;p90p100;1945;0.7378
FR;shwealj992;p90p100;1946;0.6977
FR;shwealj992;p90p100;1947;0.6882
FR;shwealj992;p90p100;1948;0.6989000000000001
FR;shwealj992;p90p100;1949;0.7151000000000001
FR;shwealj992;p90p100;1950;0.7225
FR;shwealj992;p90p100;1951;0.6997
FR;shwealj992;p90p100;1952;0.7232000000000001
FR;shwealj992;p90p100;1953;0.7286
FR;shwealj992;p90p100;1954;0.7088
FR;shwealj992;p90p100;1955;0.7059000000000001
FR;shwealj992;p90p100;1956;0.6996
FR;shwealj992;p90p100;1957;0.7066
FR;shwealj992;p90p100;1958;0.6918000000000001
FR;shwealj992;p90p100;1959;0.7070000000000001
FR;shwealj992;p90p100;1960;0.7110000000000001
FR;shwealj992;p90p100;1961;0.6801
FR;shwealj992;p90p100;1962;0.7057
FR;shwealj992;p90p100;1963;0.6801
FR;shwealj992;p90p100;1964;0.7292000000000001
FR;shwealj992;p90p100;1965;0.7157
FR;shwealj992;p90p100;1966;0.6945
FR;shwealj992;p90p100;1967;0.6729
FR;shwealj992;p90p100;1968;0.6246
FR;shwealj992;p90p100;1969;0.5876
FR;shwealj992;p90p100;1970;0.5815
FR;shwealj992;p90p100;1971;0.5731
FR;shwealj992;p90p100;1972;0.5709000000000001
FR;shwealj992;p90p100;1973;0.5686
FR;shwealj992;p90p100;1974;0.5575
FR;shwealj992;p90p100;1975;0.5494
FR;shwealj992;p90p100;1976;0.5414
FR;shwealj992;p90p100;1977;0.5326000000000001
FR;shwealj992;p90p100;1978;0.5246000000000001
FR;shwealj992;p90p100;1979;0.519
FR;shwealj992;p90p100;1980;0.5155000000000001
FR;shwealj992;p90p100;1981;0.5086
FR;shwealj992;p90p100;1982;0.5019
FR;shwealj992;p90p100;1983;0.4998
FR;shwealj992;p90p100;1984;0.4997
FR;shwealj992;p90p100;1985;0.501
FR;shwealj992;p90p100;1986;0.5053
FR;shwealj992;p90p100;1987;0.5049
FR;shwealj992;p90p100;1988;0.5068
FR;shwealj992;p90p100;1989;0.509
FR;shwealj992;p90p100;1990;0.5054000000000001
FR;shwealj992;p90p100;1991;0.5094000000000001
FR;shwealj992;p90p100;1992;0.5133
FR;shwealj992;p90p100;1993;0.5152
FR;shwealj992;p90p100;1994;0.5152
FR;shwealj992;p90p100;1995;0.5378000000000001
FR;shwealj992;p90p100;1996;0.5688
FR;shwealj992;p90p100;1997;0.5823
FR;shwealj992;p90p100;1998;0.5953
FR;shwealj992;p90p100;1999;0.6035
FR;shwealj992;p90p100;2000;0.605
FR;shwealj992;p90p100;2001;0.5963
FR;shwealj992;p90p100;2002;0.5812
FR;shwealj992;p90p100;2003;0.5731
FR;shwealj992;p90p100;2004;0.5668000000000001
FR;shwealj992;p90p100;2005;0.5586
FR;shwealj992;p90p100;2006;0.5614
FR;shwealj992;p90p100;2007;0.5674
FR;shwealj992;p90p100;2008;0.5625
FR;shwealj992;p90p100;2009;0.5665
FR;shwealj992;p90p100;2010;0.5834
FR;shwealj992;p90p100;2011;0.5768
FR;shwealj992;p90p100;2012;0.5723
FR;shwealj992;p90p100;2013;0.5788
FR;shwealj992;p90p100;2014;0.5870000000000001
FR;shwealj992;p90p100;2015;0.5894
FR;shwealj992;p90p100;2016;0.5871000000000001
FR;shwealj992;p90p100;2017;0.5883
FR;shwealj992;p90p100;2018;0.5919
FR;shwealj992;p90p100;2019;0.5913
FR;shwealj992;p90p100;2020;0.5894
FR;shwealj992;p90p100;2021;0.597
FR;shwealj992;p90p100;2022;0.5961000000000001
FR;shwealj992;p90p100;2023;0.597
FR;shwealj992;p90p100;2024;0.5988
